"","player","player_id","team_abbrev","year","type","avg_hr_trot","doubters","mostly_gone","no_doubters","no_doubter_per","hr_total","xhr","xhr_diff"
"1","Raleigh, Cal",663728,"SEA",2025,"adj_xhr",24.14,15,38,29,44.6,65,56.1,8.9
"2","Ohtani, Shohei",660271,"LAD",2025,"adj_xhr",23.19,14,36,30,47.6,63,56.6,6.4
"3","Schwarber, Kyle",656941,"PHI",2025,"adj_xhr",25.59,8,29,30,51.7,58,50,8
"4","Judge, Aaron",592450,"NYY",2025,"adj_xhr",23.25,9,35,28,51.9,54,52.8,1.2
"5","Suárez, Eugenio",553993,"SEA",2025,"adj_xhr",26.43,12,26,28,53.8,52,48.9,3.1
"6","Caminero, Junior",691406,"TB",2025,"adj_xhr",27.07,15,27,18,40,45,39.5,5.5
"7","Soto, Juan",665742,"NYM",2025,"adj_xhr",28.42,8,38,15,34.9,43,40.8,2.2
"8","Alonso, Pete",624413,"NYM",2025,"adj_xhr",24.64,9,31,20,52.6,38,40.6,-2.6
"9","Busch, Michael",683737,"CHC",2025,"adj_xhr",22.19,18,24,13,34.2,38,33.7,4.3
"10","Adell, Jo",666176,"LAA",2025,"adj_xhr",22.92,10,21,22,59.5,37,36.5,0.5
"11","Greene, Riley",682985,"DET",2025,"adj_xhr",22.71,11,21,19,51.4,37,34.1,2.9
"12","Kurtz, Nick",701762,"ATH",2025,"adj_xhr",24.29,7,22,15,41.7,36,31.4,4.6
"13","Rodríguez, Julio",677594,"SEA",2025,"adj_xhr",24.75,7,21,21,58.3,36,33.6,2.4
"14","Springer, George",543807,"TOR",2025,"adj_xhr",22.81,11,26,16,44.4,36,36.5,-0.5
"15","Ward, Taylor",621493,"LAA",2025,"adj_xhr",26.22,10,19,15,41.7,36,29.2,6.8
"16","Buxton, Byron",621439,"MIN",2025,"adj_xhr",22.74,11,14,24,68.6,35,34.5,0.5
"17","Devers, Rafael",646240,"SF",2025,"adj_xhr",25.46,18,30,14,40,35,36.8,-1.8
"18","Suzuki, Seiya",673548,"CHC",2025,"adj_xhr",21.89,13,22,16,45.7,35,33.3,1.7
"19","Grisham, Trent",663757,"NYY",2025,"adj_xhr",22.86,10,16,16,47.1,34,27.9,6.1
"20","Chisholm Jr., Jazz",665862,"NYY",2025,"adj_xhr",25.18,10,18,15,46.9,32,28.9,3.1
"21","Pasquantino, Vinnie",686469,"KC",2025,"adj_xhr",24.06,7,22,18,56.3,32,35.5,-3.5
"22","Carroll, Corbin",682998,"AZ",2025,"adj_xhr",23.28,16,24,16,51.6,31,32.9,-1.9
"23","Crow-Armstrong, Pete",691718,"CHC",2025,"adj_xhr",24.04,16,20,16,51.6,31,31.9,-0.9
"24","Goodman, Hunter",696100,"COL",2025,"adj_xhr",23.49,7,21,15,48.4,31,29.6,1.4
"25","Guerrero Jr., Vladimir",665489,"TOR",2025,"adj_xhr",28.05,11,21,12,38.7,31,28.2,2.8
"26","Langeliers, Shea",669127,"ATH",2025,"adj_xhr",22.2,7,17,13,41.9,31,24.6,6.4
"27","Lindor, Francisco",596019,"NYM",2025,"adj_xhr",24.22,12,21,11,35.5,31,28.3,2.7
"28","Lowe, Brandon",664040,"TB",2025,"adj_xhr",24.89,6,21,12,38.7,31,28,3
"29","Torkelson, Spencer",679529,"DET",2025,"adj_xhr",23.27,12,22,14,45.2,31,29.3,1.7
"30","Wood, James",695578,"WSH",2025,"adj_xhr",26.45,5,18,17,54.8,31,30.2,0.8
"31","Adames, Willy",642715,"SF",2025,"adj_xhr",23.82,11,23,10,33.3,30,27,3
"32","Bellinger, Cody",641355,"NYY",2025,"adj_xhr",24.51,13,22,11,36.7,30,28.1,1.9
"33","Hernández, Teoscar",606192,"LAD",2025,"adj_xhr",24.72,10,19,10,33.3,30,24.6,5.4
"34","Perez, Salvador",521692,"KC",2025,"adj_xhr",27.27,14,26,17,56.7,30,34.1,-4.1
"35","Ramírez, José",608070,"CLE",2025,"adj_xhr",23.98,7,24,12,40,30,30,0
"36","Rooker, Brent",667670,"ATH",2025,"adj_xhr",23.87,8,16,14,46.7,30,24.1,5.9
"37","Olson, Matt",621566,"ATL",2025,"adj_xhr",24.51,15,20,13,44.8,29,27.8,1.2
"38","Polanco, Jorge",593871,"SEA",2025,"adj_xhr",26.12,7,19,12,41.4,29,25.6,3.4
"39","Yelich, Christian",592885,"MIL",2025,"adj_xhr",22.56,8,20,9,31,29,23.5,5.5
"40","Arozarena, Randy",668227,"SEA",2025,"adj_xhr",29.44,10,16,18,64.3,28,29.2,-1.2
"41","Carpenter, Kerry",681481,"DET",2025,"adj_xhr",24.68,9,19,12,42.9,28,24.5,3.5
"42","Machado, Manny",592518,"SD",2025,"adj_xhr",28.77,14,20,16,57.1,28,30.7,-2.7
"43","Marte, Ketel",606466,"AZ",2025,"adj_xhr",25.41,6,20,14,50,28,27.1,0.9
"44","Harper, Bryce",547180,"PHI",2025,"adj_xhr",25.79,12,21,8,29.6,27,23,4
"45","Manzardo, Kyle",700932,"CLE",2025,"adj_xhr",22.99,9,16,11,40.7,27,23.2,3.8
"46","Pages, Andy",681624,"LAD",2025,"adj_xhr",21.13,8,12,14,51.9,27,23.2,3.8
"47","Rice, Ben",700250,"NYY",2025,"adj_xhr",22.07,16,13,17,63,27,27.9,-0.9
"48","Walker, Christian",572233,"HOU",2025,"adj_xhr",26.19,8,15,16,59.3,27,26.4,0.6
"49","Altuve, Jose",514888,"HOU",2025,"adj_xhr",25.18,10,12,9,34.6,26,19.1,6.9
"50","Freeman, Freddie",518692,"LAD",2025,"adj_xhr",22.97,10,28,8,30.8,26,27.1,-1.1
"51","Neto, Zach",687263,"LAA",2025,"adj_xhr",24.14,13,20,12,46.2,26,26.2,-0.2
"52","Story, Trevor",596115,"BOS",2025,"adj_xhr",23.57,16,16,11,42.3,26,24,2
"53","Trout, Mike",545361,"LAA",2025,"adj_xhr",25.02,9,15,12,46.2,26,23.1,2.9
"54","Díaz, Yandy",650490,"TB",2025,"adj_xhr",28.69,9,18,8,32,25,20.4,4.6
"55","Happ, Ian",664023,"CHC",2025,"adj_xhr",22.52,8,18,12,48,25,25.7,-0.7
"56","Nimmo, Brandon",607043,"NYM",2025,"adj_xhr",21.09,8,20,7,28,25,21.1,3.9
"57","Soderstrom, Tyler",691016,"ATH",2025,"adj_xhr",23.57,8,20,6,24,25,21.5,3.5
"58","Stowers, Kyle",669065,"MIA",2025,"adj_xhr",24.18,10,25,5,20,25,24.8,0.2
"59","Tatis Jr., Fernando",665487,"SD",2025,"adj_xhr",25.08,11,16,13,52,25,25.7,-0.7
"60","Barger, Addison",680718,"TOR",2025,"adj_xhr",22.96,6,16,13,54.2,24,25,-1
"61","Laureano, Ramón",657656,"SD",2025,"adj_xhr",23.59,13,9,15,62.5,24,21.9,2.1
"62","Moniak, Mickey",666160,"COL",2025,"adj_xhr",22.51,6,20,8,33.3,24,22.9,1.1
"63","Stanton, Giancarlo",519317,"NYY",2025,"adj_xhr",24.39,3,20,9,37.5,24,23.9,0.1
"64","Swanson, Dansby",621020,"CHC",2025,"adj_xhr",23.59,8,17,13,54.2,24,24.1,-0.1
"65","Chourio, Jackson",694192,"MIL",2025,"adj_xhr",24.47,7,17,9,39.1,23,21.6,1.4
"66","Naylor, Josh",647304,"SEA",2025,"adj_xhr",27.85,8,19,8,34.8,23,21.5,1.5
"67","Tucker, Kyle",663656,"CHC",2025,"adj_xhr",23.66,7,18,11,47.8,23,25.2,-2.2
"68","Varsho, Daulton",662139,"TOR",2025,"adj_xhr",22.21,3,15,10,43.5,23,22,1
"69","Witt Jr., Bobby",677951,"KC",2025,"adj_xhr",21.05,16,14,15,65.2,23,25.4,-2.4
"70","Abreu, Wilyer",677800,"BOS",2025,"adj_xhr",24.07,5,12,15,68.2,22,24.3,-2.3
"71","Bell, Josh",605137,"WSH",2025,"adj_xhr",24.66,8,10,15,68.2,22,21.6,0.4
"72","De La Cruz, Elly",682829,"CIN",2025,"adj_xhr",26.23,10,14,9,40.9,22,18.7,3.3
"73","Langford, Wyatt",694671,"TEX",2025,"adj_xhr",20.54,10,14,11,50,22,21.5,0.5
"74","Muncy, Max",571970,"LAD",2025,"adj_xhr",24.92,7,14,9,40.9,22,18.2,3.8
"75","Sosa, Lenyn",672820,"CWS",2025,"adj_xhr",26.03,9,14,15,68.2,22,25.3,-3.3
"76","Wallner, Matt",670242,"MIN",2025,"adj_xhr",23.15,2,9,14,63.6,22,21.6,0.4
"77","Acuña Jr., Ronald",660670,"ATL",2025,"adj_xhr",26.87,6,11,13,61.9,21,21,0
"78","Butler, Lawrence",671732,"ATH",2025,"adj_xhr",26.2,8,15,4,19,21,14.6,6.4
"79","Chapman, Matt",656305,"SF",2025,"adj_xhr",23.58,6,13,10,47.6,21,20.1,0.9
"80","McMahon, Ryan",641857,"NYY",2025,"adj_xhr",21.43,13,17,7,33.3,21,22.1,-1.1
"81","Montgomery, Colson",695657,"CWS",2025,"adj_xhr",24.06,8,8,12,57.1,21,18.9,2.1
"82","Ozuna, Marcell",542303,"ATL",2025,"adj_xhr",30.26,7,13,12,57.1,21,20.6,0.4
"83","Ramos, Heliot",671218,"SF",2025,"adj_xhr",23.84,6,17,9,42.9,21,18.5,2.5
"84","Ramírez, Agustín",682663,"MIA",2025,"adj_xhr",27.96,12,15,13,61.9,21,22.5,-1.5
"85","Seager, Corey",608369,"TEX",2025,"adj_xhr",23.19,12,19,7,33.3,21,21.9,-0.9
"86","Steer, Spencer",668715,"CIN",2025,"adj_xhr",23.07,5,19,6,28.6,21,16.8,4.2
"87","Wells, Austin",669224,"NYY",2025,"adj_xhr",22.46,11,17,6,28.6,21,19.6,1.4
"88","Benintendi, Andrew",643217,"CWS",2025,"adj_xhr",23.59,9,15,12,60,20,23,-3
"89","Betts, Mookie",605141,"LAD",2025,"adj_xhr",22.47,5,15,8,40,20,18.7,1.3
"90","Contreras, Willson",575929,"STL",2025,"adj_xhr",26.45,9,17,11,55,20,22.9,-2.9
"91","Cruz, Oneil",665833,"PIT",2025,"adj_xhr",28.87,6,12,11,55,20,20.9,-0.9
"92","Diaz, Yainer",673237,"HOU",2025,"adj_xhr",24.2,9,18,9,45,20,22.4,-2.4
"93","Harris II, Michael",671739,"ATL",2025,"adj_xhr",24.36,9,14,11,55,20,21.5,-1.5
"94","Kirk, Alejandro",672386,"TOR",2025,"adj_xhr",25.05,9,18,6,30,20,18.3,1.7
"95","Paredes, Isaac",670623,"HOU",2025,"adj_xhr",26.35,10,8,8,40,20,13.2,6.8
"96","Perdomo, Geraldo",672695,"AZ",2025,"adj_xhr",25.02,6,13,8,40,20,19.2,0.8
"97","Volpe, Anthony",683011,"NYY",2025,"adj_xhr",23.04,8,13,8,40,20,17.8,2.2
"98","Abrams, CJ",682928,"WSH",2025,"adj_xhr",23.62,14,16,6,31.6,19,17.2,1.8
"99","Baldwin, Drake",686948,"ATL",2025,"adj_xhr",22.88,9,14,5,26.3,19,16.6,2.4
"100","Bichette, Bo",666182,"TOR",2025,"adj_xhr",26.39,9,13,8,42.1,19,17.5,1.5
"101","Clemens, Kody",665019,"MIN",2025,"adj_xhr",22.41,3,15,8,42.1,19,19.3,-0.3
"102","Contreras, William",661388,"MIL",2025,"adj_xhr",28.11,7,17,4,21.1,19,16.3,2.7
"103","García, Adolis",666969,"TEX",2025,"adj_xhr",26.36,9,11,12,63.2,19,19.5,-0.5
"104","Gurriel Jr., Lourdes",666971,"AZ",2025,"adj_xhr",26.62,6,11,9,47.4,19,18.7,0.3
"105","Herrera, Iván",671056,"STL",2025,"adj_xhr",25.35,5,14,8,42.1,19,19.7,-0.7
"106","O'Hoppe, Logan",681351,"LAA",2025,"adj_xhr",22.99,6,19,4,21.1,19,16.9,2.1
"107","Sheets, Gavin",657757,"SD",2025,"adj_xhr",21.9,8,13,7,36.8,19,17.2,1.8
"108","Smith, Will",669257,"LAD",2025,"adj_xhr",22.37,14,14,7,36.8,19,17.5,1.5
"109","Turang, Brice",668930,"MIL",2025,"adj_xhr",21.73,7,12,10,52.6,19,18.3,0.7
"110","Baty, Brett",683146,"NYM",2025,"adj_xhr",23.86,2,13,9,50,18,18.5,-0.5
"111","Bregman, Alex",608324,"BOS",2025,"adj_xhr",23.97,7,11,9,50,18,16,2
"112","Burleson, Alec",676475,"STL",2025,"adj_xhr",24.73,10,15,7,38.9,18,18.6,-0.6
"113","Kelly, Carson",608348,"CHC",2025,"adj_xhr",22.34,14,9,7,38.9,18,15.4,2.6
"114","Kepler, Max",596146,"PHI",2025,"adj_xhr",20.37,5,11,8,44.4,18,17,1
"115","Lowe, Nathaniel",663993,"BOS",2025,"adj_xhr",21.33,7,14,6,33.3,18,16.2,1.8
"116","Bader, Harrison",664056,"PHI",2025,"adj_xhr",22.09,9,7,11,64.7,17,16.3,0.7
"117","Castellanos, Nick",592206,"PHI",2025,"adj_xhr",22.45,7,12,7,41.2,17,15.8,1.2
"118","Henderson, Gunnar",683002,"BAL",2025,"adj_xhr",23.36,11,12,5,29.4,17,13.9,3.1
"119","Holliday, Jackson",702616,"BAL",2025,"adj_xhr",21.17,9,19,4,23.5,17,17.5,-0.5
"120","Larnach, Trevor",663616,"MIN",2025,"adj_xhr",22.64,3,13,8,47.1,17,18.4,-1.4
"121","Merrill, Jackson",701538,"SD",2025,"adj_xhr",21.26,10,20,3,17.6,17,16.8,0.2
"122","Mullins, Cedric",656775,"NYM",2025,"adj_xhr",22.96,5,13,4,23.5,17,13.8,3.2
"123","O'Hearn, Ryan",656811,"SD",2025,"adj_xhr",24.65,7,15,2,11.8,17,13.9,3.1
"124","Peña, Jeremy",665161,"HOU",2025,"adj_xhr",23.05,10,8,7,41.2,17,13.2,3.8
"125","Tellez, Rowdy",642133,"TEX",2025,"adj_xhr",27.19,6,13,8,47.1,17,18.1,-1.1
"126","Torres, Gleyber",650402,"DET",2025,"adj_xhr",25.13,7,15,8,47.1,17,18.1,-1.1
"127","Vientos, Mark",668901,"NYM",2025,"adj_xhr",24.27,5,13,7,41.2,17,17.1,-0.1
"128","Westburg, Jordan",676059,"BAL",2025,"adj_xhr",21.47,5,14,8,47.1,17,16.8,0.2
"129","Yastrzemski, Mike",573262,"KC",2025,"adj_xhr",22.75,8,11,5,29.4,17,14.2,2.8
"130","Albies, Ozzie",645277,"ATL",2025,"adj_xhr",25.09,9,10,6,37.5,16,12.8,3.2
"131","Beck, Jordan",687597,"COL",2025,"adj_xhr",22.97,3,13,9,56.3,16,18.8,-2.8
"132","Burger, Jake",669394,"TEX",2025,"adj_xhr",21.83,5,13,8,50,16,15.5,0.5
"133","Cowser, Colton",681297,"BAL",2025,"adj_xhr",22.27,5,12,7,43.8,16,15.1,0.9
"134","Duran, Jarren",680776,"BOS",2025,"adj_xhr",22.04,8,11,9,56.3,16,16.4,-0.4
"135","Flores, Wilmer",527038,"SF",2025,"adj_xhr",24.62,5,12,4,25,16,12.9,3.1
"136","Garcia, Maikel",672580,"KC",2025,"adj_xhr",25.82,11,13,7,43.8,16,16.9,-0.9
"137","García Jr., Luis",671277,"WSH",2025,"adj_xhr",24.58,9,18,5,31.3,16,18.4,-2.4
"138","Lee, Brooks",686797,"MIN",2025,"adj_xhr",22.85,5,14,4,25,16,14.4,1.6
"139","Murphy, Sean",669221,"ATL",2025,"adj_xhr",24.06,3,10,7,43.8,16,13.1,2.9
"140","Rafaela, Ceddanne",678882,"BOS",2025,"adj_xhr",22.7,11,10,11,68.8,16,18.6,-2.6
"141","Reynolds, Bryan",668804,"PIT",2025,"adj_xhr",23.94,9,13,10,62.5,16,19.3,-3.3
"142","Riley, Austin",663586,"ATL",2025,"adj_xhr",22.69,4,8,12,75,16,17.7,-1.7
"143","Vargas, Miguel",678246,"CWS",2025,"adj_xhr",25.52,7,17,5,31.3,16,16.6,-0.6
"144","Vaughn, Andrew",683734,"MIL",2025,"adj_xhr",21.88,9,14,7,43.8,16,15.7,0.3
"145","Doyle, Brenton",686668,"COL",2025,"adj_xhr",20.71,8,12,6,40,15,14.2,0.8
"146","Edman, Tommy",669242,"LAD",2025,"adj_xhr",22.54,7,6,6,40,15,12,3
"147","Hays, Austin",669720,"CIN",2025,"adj_xhr",21.71,6,13,6,40,15,14.2,0.8
"148","Lopez, Otto",672640,"MIA",2025,"adj_xhr",24.07,8,12,7,46.7,15,16.4,-1.4
"149","McLain, Matt",680574,"CIN",2025,"adj_xhr",21.59,7,10,5,33.3,15,12.3,2.7
"150","Narváez, Carlos",665966,"BOS",2025,"adj_xhr",24.08,11,5,7,46.7,15,11.5,3.5
"151","Naylor, Bo",666310,"CLE",2025,"adj_xhr",22.85,7,10,6,40,15,13.1,1.9
"152","Semien, Marcus",543760,"TEX",2025,"adj_xhr",23.21,9,11,7,46.7,15,15.8,-0.8
"153","Turner, Trea",607208,"PHI",2025,"adj_xhr",22.47,11,11,7,46.7,15,14.9,0.1
"154","Aranda, Jonathan",666018,"TB",2025,"adj_xhr",26.67,8,13,6,42.9,14,16.3,-2.3
"155","Bleday, JJ",668709,"ATH",2025,"adj_xhr",22.64,6,10,3,21.4,14,11.4,2.6
"156","Dingler, Dillon",693307,"DET",2025,"adj_xhr",24.12,7,11,7,50,14,15.2,-1.2
"157","Friedl, TJ",670770,"CIN",2025,"adj_xhr",23.44,5,9,4,28.6,14,10.2,3.8
"158","Gorman, Nolan",669357,"STL",2025,"adj_xhr",24.4,5,9,8,57.1,14,15.3,-1.3
"159","Jansen, Danny",643376,"MIL",2025,"adj_xhr",23.65,6,10,6,42.9,14,15,-1
"160","Jung, Josh",673962,"TEX",2025,"adj_xhr",20.44,6,13,6,42.9,14,14.2,-0.2
"161","Marte, Noelvi",682622,"CIN",2025,"adj_xhr",24.76,4,5,9,64.3,14,12.3,1.7
"162","Profar, Jurickson",595777,"ATL",2025,"adj_xhr",25.85,4,7,8,57.1,14,12.7,1.3
"163","Robert Jr., Luis",673357,"CWS",2025,"adj_xhr",24.27,8,8,7,50,14,13.2,0.8
"164","Sánchez, Jesús",660821,"HOU",2025,"adj_xhr",25.57,5,15,7,50,14,17.4,-3.4
"165","Báez, Javier",595879,"DET",2025,"adj_xhr",25.73,5,9,8,61.5,13,14.3,-1.3
"166","Correa, Carlos",621043,"HOU",2025,"adj_xhr",25.57,8,8,8,61.5,13,13.6,-0.6
"167","Crawford, J.P.",641487,"SEA",2025,"adj_xhr",25.77,3,11,4,30.8,13,13.3,-0.3
"168","Keith, Colt",690993,"DET",2025,"adj_xhr",22.79,7,8,6,46.2,13,12.1,0.9
"169","Lewis, Royce",668904,"MIN",2025,"adj_xhr",23.51,8,6,9,69.2,13,13.8,-0.8
"170","McCutchen, Andrew",457705,"PIT",2025,"adj_xhr",23.18,7,9,7,53.8,13,12.6,0.4
"171","Nootbaar, Lars",663457,"STL",2025,"adj_xhr",21.41,10,9,4,30.8,13,12.2,0.8
"172","Pérez, Wenceel",672761,"DET",2025,"adj_xhr",23.8,8,11,1,7.7,13,10.1,2.9
"173","Realmuto, J.T.",592663,"PHI",2025,"adj_xhr",23.08,6,5,8,61.5,13,12.9,0.1
"174","Shaw, Matt",807713,"CHC",2025,"adj_xhr",22.13,4,6,9,69.2,13,13.2,-0.2
"175","Stephenson, Tyler",663886,"CIN",2025,"adj_xhr",22.05,3,11,5,38.5,13,12.2,0.8
"176","Stott, Bryson",681082,"PHI",2025,"adj_xhr",23.76,7,11,4,30.8,13,12.5,0.5
"177","Wilson, Jacob",805779,"ATH",2025,"adj_xhr",22.56,5,8,3,23.1,13,9.3,3.7
"178","Arenado, Nolan",571448,"STL",2025,"adj_xhr",22.73,10,3,8,66.7,12,11.4,0.6
"179","Benson, Will",666181,"CIN",2025,"adj_xhr",24.62,5,12,3,25,12,10.5,1.5
"180","Caratini, Victor",605170,"HOU",2025,"adj_xhr",24.03,4,9,4,33.3,12,9.5,2.5
"181","Conforto, Michael",624424,"LAD",2025,"adj_xhr",22.99,5,9,5,41.7,12,11.7,0.3
"182","Frelick, Sal",686217,"MIL",2025,"adj_xhr",20.88,4,11,2,16.7,12,10.8,1.2
"183","Hoskins, Rhys",656555,"MIL",2025,"adj_xhr",22.84,11,7,4,33.3,12,10.5,1.5
"184","Lukes, Nathan",664770,"TOR",2025,"adj_xhr",22.9,6,9,4,33.3,12,11.6,0.4
"185","McKinstry, Zach",656716,"DET",2025,"adj_xhr",22.17,4,10,4,33.3,12,11.2,0.8
"186","McNeil, Jeff",643446,"NYM",2025,"adj_xhr",23.56,8,10,3,25,12,11.3,0.7
"187","Moncada, Yoán",660162,"LAA",2025,"adj_xhr",24.57,4,4,7,58.3,12,10.3,1.7
"188","Schanuel, Nolan",694384,"LAA",2025,"adj_xhr",24.03,4,10,2,16.7,12,11.1,0.9
"189","Schmitt, Casey",669477,"SF",2025,"adj_xhr",22.45,5,8,4,33.3,12,10.1,1.9
"190","Schneemann, Daniel",682177,"CLE",2025,"adj_xhr",22.69,4,8,6,50,12,12.1,-0.1
"191","Schneider, Davis",676914,"TOR",2025,"adj_xhr",22.46,2,10,4,33.3,12,11.9,0.1
"192","Soler, Jorge",624585,"LAA",2025,"adj_xhr",27.04,4,4,7,58.3,12,10,2
"193","Alvarez, Francisco",682626,"NYM",2025,"adj_xhr",26.95,5,13,3,27.3,11,12.5,-1.5
"194","Arias, Gabriel",672356,"CLE",2025,"adj_xhr",25.9,5,8,8,72.7,11,14.3,-3.3
"195","Baldwin, Brooks",681460,"CWS",2025,"adj_xhr",22.51,7,14,3,27.3,11,11.6,-0.6
"196","Bogaerts, Xander",593428,"SD",2025,"adj_xhr",27.69,9,8,5,45.5,11,10.2,0.8
"197","Bohm, Alec",664761,"PHI",2025,"adj_xhr",21.94,8,11,1,9.1,11,7.6,3.4
"198","Canzone, Dominic",686527,"SEA",2025,"adj_xhr",24.47,8,5,7,63.6,11,11.9,-0.9
"199","Castro, Willi",650489,"CHC",2025,"adj_xhr",20.05,4,10,3,27.3,11,9.4,1.6
"200","Cronenworth, Jake",630105,"SD",2025,"adj_xhr",23.18,6,11,3,27.3,11,11.3,-0.3
"201","Durbin, Caleb",702332,"MIL",2025,"adj_xhr",20.87,9,10,3,27.3,11,8.5,2.5
"202","Heim, Jonah",641680,"TEX",2025,"adj_xhr",23.51,10,8,4,36.4,11,10.5,0.5
"203","Hernández, Enrique",571771,"LAD",2025,"adj_xhr",22.77,1,5,7,63.6,11,10.9,0.1
"204","Higashioka, Kyle",543309,"TEX",2025,"adj_xhr",24.33,5,10,5,45.5,11,12.1,-1.1
"205","Horwitz, Spencer",687462,"PIT",2025,"adj_xhr",25.85,1,7,5,45.5,11,11.5,-0.5
"206","Kwan, Steven",680757,"CLE",2025,"adj_xhr",19.88,6,8,2,18.2,11,8.9,2.1
"207","Lowe, Josh",666139,"TB",2025,"adj_xhr",25.98,3,9,4,36.4,11,10.6,0.4
"208","Marsh, Brandon",669016,"PHI",2025,"adj_xhr",21.81,3,10,3,27.3,11,10.6,0.4
"209","Martínez, Angel",682657,"CLE",2025,"adj_xhr",24.99,3,9,3,27.3,11,9.3,1.7
"210","Mayo, Coby",691723,"BAL",2025,"adj_xhr",22.19,4,5,7,63.6,11,10.3,0.7
"211","Moore, Dylan",664238,"TEX",2025,"adj_xhr",20.81,4,6,4,36.4,11,8.7,2.3
"212","Morel, Christopher",666624,"TB",2025,"adj_xhr",25.51,5,9,8,72.7,11,14.2,-3.2
"213","Pagés, Pedro",686780,"STL",2025,"adj_xhr",24.92,7,2,9,81.8,11,11.3,-0.3
"214","Santana, Carlos",467793,"CHC",2025,"adj_xhr",23.24,5,15,2,18.2,11,14,-3
"215","Sosa, Edmundo",624641,"PHI",2025,"adj_xhr",24.35,4,7,2,18.2,11,7.3,3.7
"216","Toglia, Michael",669911,"COL",2025,"adj_xhr",22.97,2,7,5,45.5,11,10.2,0.8
"217","Urías, Ramón",602104,"HOU",2025,"adj_xhr",23.02,6,8,3,27.3,11,8.7,2.3
"218","Andujar, Miguel",609280,"CIN",2025,"adj_xhr",24.92,5,6,2,20,10,6.5,3.5
"219","Clement, Ernie",676391,"TOR",2025,"adj_xhr",24.57,9,5,6,60,10,9.8,0.2
"220","Crews, Dylan",686611,"WSH",2025,"adj_xhr",20.67,3,5,6,60,10,9.4,0.6
"221","Domínguez, Jasson",691176,"NYY",2025,"adj_xhr",24.56,6,8,2,20,10,7.4,2.6
"222","Donovan, Brendan",680977,"STL",2025,"adj_xhr",21.48,3,13,4,40,10,12,-2
"223","Goldschmidt, Paul",502671,"NYY",2025,"adj_xhr",22.84,13,6,5,50,10,9.2,0.8
"224","Hernández, Heriberto",681715,"MIA",2025,"adj_xhr",21.74,4,10,3,30,10,9.5,0.5
"225","Pham, Tommy",502054,"PIT",2025,"adj_xhr",23.56,5,9,5,50,10,10.8,-0.8
"226","Smith, Josh",669701,"TEX",2025,"adj_xhr",20.79,5,8,5,50,10,10.5,-0.5
"227","White, Eli",642201,"ATL",2025,"adj_xhr",20.58,4,3,8,80,10,9.9,0.1
"228","Collins, Isaac",686555,"MIL",2025,"adj_xhr",22.81,1,9,2,22.2,9,8.3,0.7
"229","Díaz, Elias",553869,"SD",2025,"adj_xhr",26.14,1,5,5,55.6,9,7.1,1.9
"230","Garver, Mitch",641598,"SEA",2025,"adj_xhr",26.53,7,6,5,55.6,9,9.1,-0.1
"231","Giménez, Andrés",665926,"TOR",2025,"adj_xhr",23.82,1,10,2,22.2,9,8.6,0.4
"232","Gonzalez, Romy",663853,"BOS",2025,"adj_xhr",23.19,5,5,6,66.7,9,9.3,-0.3
"233","Grichuk, Randal",545341,"KC",2025,"adj_xhr",22.75,6,10,5,55.6,9,10.7,-1.7
"234","India, Jonathan",663697,"KC",2025,"adj_xhr",23.02,13,6,4,44.4,9,9.5,-0.5
"235","Jeffers, Ryan",680777,"MIN",2025,"adj_xhr",23.69,7,6,6,66.7,9,10.3,-1.3
"236","Lile, Daylen",695734,"WSH",2025,"adj_xhr",24.08,4,8,4,44.4,9,9.1,-0.1
"237","Marte, Starling",516782,"NYM",2025,"adj_xhr",25.84,2,6,5,55.6,9,9.4,-0.4
"238","McGuire, Reese",624512,"CHC",2025,"adj_xhr",21.9,3,5,2,22.2,9,6.5,2.5
"239","Moreno, Gabriel",672515,"AZ",2025,"adj_xhr",26.54,4,5,5,55.6,9,8.2,0.8
"240","Muncy, Max",691777,"ATH",2025,"adj_xhr",22.93,0,5,4,44.4,9,7.7,1.3
"241","O'Neill, Tyler",641933,"BAL",2025,"adj_xhr",21.99,2,6,4,44.4,9,8.5,0.5
"242","Pederson, Joc",592626,"TEX",2025,"adj_xhr",27.64,3,6,5,55.6,9,8.8,0.2
"243","Refsnyder, Rob",608701,"BOS",2025,"adj_xhr",21.83,4,4,4,44.4,9,7,2
"244","Rengifo, Luis",650859,"LAA",2025,"adj_xhr",20.8,4,6,4,44.4,9,8.1,0.9
"245","Rutschman, Adley",668939,"BAL",2025,"adj_xhr",23.43,7,7,5,55.6,9,9.5,-0.5
"246","Smith, Cam",701358,"HOU",2025,"adj_xhr",24.12,6,5,5,55.6,9,8.5,0.5
"247","Tauchman, Mike",643565,"CWS",2025,"adj_xhr",24.14,5,8,2,22.2,9,8.3,0.7
"248","Taylor, Michael A.",572191,"CWS",2025,"adj_xhr",22.91,5,9,6,66.7,9,10.6,-1.6
"249","Thomas, Alek",677950,"AZ",2025,"adj_xhr",24.65,3,9,3,33.3,9,9.8,-0.8
"250","Tovar, Ezequiel",678662,"COL",2025,"adj_xhr",22.15,5,8,5,55.6,9,9.8,-0.8
"251","Wagaman, Eric",676572,"MIA",2025,"adj_xhr",22.42,8,9,4,44.4,9,10,-1
"252","Winn, Masyn",691026,"STL",2025,"adj_xhr",24.37,5,11,5,55.6,9,12.4,-3.4
"253","Adams, Riley",656180,"WSH",2025,"adj_xhr",21.56,2,8,1,12.5,8,6.7,1.3
"254","Anthony, Roman",701350,"BOS",2025,"adj_xhr",21.09,4,14,1,12.5,8,12,-4
"255","Arraez, Luis",650333,"SD",2025,"adj_xhr",24.87,3,7,1,12.5,8,6.3,1.7
"256","Bauers, Jake",641343,"MIL",2025,"adj_xhr",23.85,4,7,3,37.5,8,7.5,0.5
"257","Farmer, Kyle",571657,"COL",2025,"adj_xhr",24.19,3,4,4,50,8,7.1,0.9
"258","Fry, David",681807,"CLE",2025,"adj_xhr",22.78,4,3,4,50,8,6.9,1.1
"259","Hoerner, Nico",663538,"CHC",2025,"adj_xhr",22.36,3,9,2,25,8,8.4,-0.4
"260","Kemp, Otto",805249,"PHI",2025,"adj_xhr",22.26,6,6,2,25,8,5.7,2.3
"261","Lee, Jung Hoo",808982,"SF",2025,"adj_xhr",20.73,4,10,2,25,8,10.1,-2.1
"262","Matos, Luis",682641,"SF",2025,"adj_xhr",25.3,5,2,4,50,8,5.6,2.4
"263","Norby, Connor",681393,"MIA",2025,"adj_xhr",23.64,3,10,4,50,8,10.3,-2.3
"264","Rojas, Miguel",500743,"LAD",2025,"adj_xhr",21.94,7,2,5,62.5,8,6.6,1.4
"265","Smith, Pavin",656976,"AZ",2025,"adj_xhr",23.78,2,6,4,50,8,8.8,-0.8
"266","Teel, Kyle",691019,"CWS",2025,"adj_xhr",23.25,4,8,2,25,8,7.3,0.7
"267","Urías, Luis",649966,"ATH",2025,"adj_xhr",23.77,2,6,4,50,8,7.5,0.5
"268","Alexander, Blaze",677942,"AZ",2025,"adj_xhr",24.33,5,9,2,28.6,7,6.9,0.1
"269","Caglianone, Jac",695506,"KC",2025,"adj_xhr",20.53,1,7,2,28.6,7,6.9,0.1
"270","Davis, Henry",680779,"PIT",2025,"adj_xhr",24.09,3,7,5,71.4,7,10,-3
"271","Dubón, Mauricio",643289,"HOU",2025,"adj_xhr",25,5,6,2,28.6,7,6.6,0.4
"272","France, Ty",664034,"TOR",2025,"adj_xhr",24.83,6,9,4,57.1,7,9.9,-2.9
"273","Frazier, Adam",624428,"KC",2025,"adj_xhr",23.22,1,7,1,14.3,7,5.7,1.3
"274","Jones, Jahmai",663330,"DET",2025,"adj_xhr",21.49,0,6,3,42.9,7,7.7,-0.7
"275","Mervis, Matt",670223,"MIA",2025,"adj_xhr",22.8,0,4,3,42.9,7,5.7,1.3
"276","Moore, Christian",695681,"LAA",2025,"adj_xhr",22.71,3,2,3,42.9,7,4.7,2.3
"277","Mountcastle, Ryan",663624,"BAL",2025,"adj_xhr",24.13,7,5,5,71.4,7,8.2,-1.2
"278","Ortiz, Joey",687401,"MIL",2025,"adj_xhr",21.61,5,1,5,71.4,7,6.4,0.6
"279","Tawa, Tim",694374,"AZ",2025,"adj_xhr",22.55,4,3,4,57.1,7,6.6,0.4
"280","Toro, Abraham",647351,"BOS",2025,"adj_xhr",20.16,1,8,2,28.6,7,7.5,-0.5
"281","Triolo, Jared",669707,"PIT",2025,"adj_xhr",22.69,4,5,6,85.7,7,10.2,-3.2
"282","Alvarez, Yordan",670541,"HOU",2025,"adj_xhr",27.93,5,6,3,50,6,7.9,-1.9
"283","Bailey, Patrick",672275,"SF",2025,"adj_xhr",23.89,3,11,0,0,6,8.4,-2.4
"284","Campbell, Kristian",692225,"BOS",2025,"adj_xhr",21.94,0,3,3,50,6,4.7,1.3
"285","Canario, Alexander",672744,"PIT",2025,"adj_xhr",22.74,3,4,3,50,6,5.7,0.3
"286","Carlson, Dylan",666185,"BAL",2025,"adj_xhr",21.97,5,2,1,16.7,6,2.7,3.3
"287","DeJong, Paul",657557,"WSH",2025,"adj_xhr",22.32,2,6,2,33.3,6,6.3,-0.3
"288","Encarnacion-Strand, Christian",687952,"CIN",2025,"adj_xhr",24.2,1,2,3,50,6,4.6,1.4
"289","Fraley, Jake",641584,"ATL",2025,"adj_xhr",23.18,2,2,2,33.3,6,4.1,1.9
"290","Hamilton, David",666152,"BOS",2025,"adj_xhr",20.32,1,6,1,16.7,6,4.8,1.2
"291","Hicks, Liam",689414,"MIA",2025,"adj_xhr",23.37,3,10,0,0,6,7.3,-1.3
"292","Mauricio, Ronny",677595,"NYM",2025,"adj_xhr",24.82,3,4,3,50,6,6.3,-0.3
"293","Myers, Dane",667472,"MIA",2025,"adj_xhr",26.24,6,3,3,50,6,6,0
"294","Noel, Jhonkensy",678877,"CLE",2025,"adj_xhr",24,3,2,3,50,6,4.5,1.5
"295","Outman, James",681546,"MIN",2025,"adj_xhr",22.49,1,4,4,66.7,6,6,0
"296","Paris, Kyren",677347,"LAA",2025,"adj_xhr",23.57,0,6,1,16.7,6,5,1
"297","Rocchio, Brayan",677587,"CLE",2025,"adj_xhr",24.74,5,5,3,50,6,6.8,-0.8
"298","Rosario, Amed",642708,"NYY",2025,"adj_xhr",23.72,5,2,3,50,6,4.7,1.3
"299","Sanoja, Javier",691594,"MIA",2025,"adj_xhr",21.98,2,5,2,33.3,6,6.1,-0.1
"300","Santander, Anthony",623993,"TOR",2025,"adj_xhr",27.82,3,3,5,83.3,6,6.9,-0.9
"301","Sweeney, Trey",700242,"DET",2025,"adj_xhr",22.65,2,6,2,33.3,6,6.9,-0.9
"302","Thomas, Colby",687515,"ATH",2025,"adj_xhr",21.82,0,3,3,50,6,5.1,0.9
"303","Walker, Jordan",691023,"STL",2025,"adj_xhr",24.44,4,7,4,66.7,6,9.2,-3.2
"304","Wynns, Austin",642851,"ATH",2025,"adj_xhr",22.18,1,3,4,66.7,6,6.6,-0.6
"305","d'Arnaud, Travis",518595,"LAA",2025,"adj_xhr",23.47,4,5,3,50,6,6,0
"306","Caballero, José",676609,"NYY",2025,"adj_xhr",26.98,7,3,2,40,5,4.9,0.1
"307","Call, Alex",669743,"LAD",2025,"adj_xhr",24.64,2,5,4,80,5,6.3,-1.3
"308","Carter, Evan",694497,"TEX",2025,"adj_xhr",20.99,0,4,3,60,5,5.2,-0.2
"309","Crim, Blaine",688760,"COL",2025,"adj_xhr",23.09,1,2,3,60,5,4.3,0.7
"310","Fermin, Freddy",666023,"SD",2025,"adj_xhr",24.72,3,3,2,40,5,5.2,-0.2
"311","Fortes, Nick",663743,"TB",2025,"adj_xhr",21.14,3,4,4,80,5,5.5,-0.5
"312","Gonzales, Nick",693304,"PIT",2025,"adj_xhr",24.31,6,4,4,80,5,6.5,-1.5
"313","Hayes, Ke'Bryan",663647,"CIN",2025,"adj_xhr",22.54,9,6,2,40,5,5.5,-0.5
"314","Hedges, Austin",595978,"CLE",2025,"adj_xhr",25.69,2,3,4,80,5,5.6,-0.6
"315","Helman, Michael",680737,"TEX",2025,"adj_xhr",20.55,2,2,3,60,5,4.8,0.2
"316","Jackson, Alex",656577,"BAL",2025,"adj_xhr",22.17,0,5,2,40,5,5.3,-0.3
"317","Jackson, Jeremiah",669236,"BAL",2025,"adj_xhr",22.65,5,5,2,40,5,5.7,-0.7
"318","Jones, Nolan",666134,"CLE",2025,"adj_xhr",22.14,6,6,3,60,5,6,-1
"319","Kim, Ha-Seong",673490,"ATL",2025,"adj_xhr",23.24,3,4,2,40,5,4.9,0.1
"320","Lux, Gavin",666158,"CIN",2025,"adj_xhr",23.83,4,6,1,20,5,4.1,0.9
"321","Marsee, Jakob",805300,"MIA",2025,"adj_xhr",25.8,5,1,4,80,5,5.6,-0.6
"322","McCann, James",543510,"AZ",2025,"adj_xhr",25.24,1,3,4,80,5,6.5,-1.5
"323","Meidroth, Chase",805367,"CWS",2025,"adj_xhr",21.79,5,3,2,40,5,5.1,-0.1
"324","Misner, Kameron",670224,"TB",2025,"adj_xhr",20.37,1,4,1,20,5,3.4,1.6
"325","Peraza, Oswald",672724,"LAA",2025,"adj_xhr",22.25,4,4,1,20,5,3.7,1.3
"326","Pozo, Yohel",650968,"STL",2025,"adj_xhr",26.06,1,2,3,60,5,4.8,0.2
"327","Quero, Edgar",700337,"CWS",2025,"adj_xhr",26.33,4,5,1,20,5,4.7,0.3
"328","Scott II, Victor",687363,"STL",2025,"adj_xhr",24.44,1,2,3,60,5,4.8,0.2
"329","Slater, Austin",596103,"NYY",2025,"adj_xhr",22.36,3,4,4,80,5,6.6,-1.6
"330","Smith, Dominic",642086,"SF",2025,"adj_xhr",28.48,2,3,3,60,5,4.9,0.1
"331","Stewart, Sal",701398,"CIN",2025,"adj_xhr",23.68,0,3,3,60,5,5.2,-0.2
"332","Sánchez, Gary",596142,"BAL",2025,"adj_xhr",24.1,2,1,3,60,5,3.4,1.6
"333","Torrens, Luis",620443,"NYM",2025,"adj_xhr",28.02,15,5,0,0,5,4.7,0.3
"334","Williams, Carson",700246,"TB",2025,"adj_xhr",21.66,1,2,3,60,5,4.3,0.7
"335","Wilson, Weston",642215,"PHI",2025,"adj_xhr",23.59,1,3,3,60,5,5.2,-0.2
"336","Amaya, Miguel",665804,"CHC",2025,"adj_xhr",24.8,2,3,0,0,4,2.3,1.7
"337","Bart, Joey",663698,"PIT",2025,"adj_xhr",24.6,7,4,1,25,4,4.3,-0.3
"338","Basallo, Samuel",694212,"BAL",2025,"adj_xhr",26.35,6,0,2,50,4,2.7,1.3
"339","Beavers, Dylan",687637,"BAL",2025,"adj_xhr",23.17,1,2,4,100,4,5.1,-1.1
"340","Bernabel, Warming",682653,"COL",2025,"adj_xhr",21.77,2,3,2,50,4,4.3,-0.3
"341","Cole, Zach",805904,"HOU",2025,"adj_xhr",23.68,0,2,2,50,4,3.3,0.7
"342","Cortes, Carlos",666126,"ATH",2025,"adj_xhr",25.11,0,4,0,0,4,3.1,0.9
"343","Del Castillo, Adrian",680728,"AZ",2025,"adj_xhr",22.75,1,3,2,50,4,4.4,-0.4
"344","Elko, Tim",671284,"CWS",2025,"adj_xhr",24.1,1,2,2,50,4,3.8,0.2
"345","Fernández, Yanquiel",692585,"COL",2025,"adj_xhr",25.43,4,5,0,0,4,3.8,0.2
"346","Fitzgerald, Ryan",680837,"MIN",2025,"adj_xhr",22.78,2,2,2,50,4,4,0
"347","Fitzgerald, Tyler",666149,"SF",2025,"adj_xhr",22.51,2,4,0,0,4,3.3,0.7
"348","House, Brady",691781,"WSH",2025,"adj_xhr",22.09,0,4,2,50,4,4.4,-0.4
"349","Ibáñez, Andy",628451,"DET",2025,"adj_xhr",20.23,1,4,2,50,4,4.1,-0.1
"350","Isbel, Kyle",664728,"KC",2025,"adj_xhr",23.45,1,4,1,25,4,4.7,-0.7
"351","Johnston, Troy",687859,"MIA",2025,"adj_xhr",24.67,3,4,2,50,4,4.3,-0.3
"352","Kayfus, CJ",692216,"CLE",2025,"adj_xhr",22.15,2,5,1,25,4,4.9,-0.9
"353","Keaschall, Luke",807712,"MIN",2025,"adj_xhr",19.37,0,2,2,50,4,3.8,0.2
"354","Kjerstad, Heston",677008,"BAL",2025,"adj_xhr",23.95,1,3,1,25,4,3.5,0.5
"355","Loftin, Nick",679845,"KC",2025,"adj_xhr",22.07,1,5,3,75,4,6,-2
"356","Loperfido, Joey",694388,"TOR",2025,"adj_xhr",23.79,0,3,1,25,4,3.4,0.6
"357","Lugo, Matthew",683090,"LAA",2025,"adj_xhr",22.57,1,2,2,50,4,3.4,0.6
"358","Maldonado, Martín",455117,"SD",2025,"adj_xhr",24.83,1,3,2,50,4,4.4,-0.4
"359","Matthews, Brice",694728,"HOU",2025,"adj_xhr",23.87,0,1,3,75,4,3.8,0.2
"360","Mayer, Marcelo",691785,"BOS",2025,"adj_xhr",25.14,1,3,2,50,4,4.4,-0.4
"361","McCarthy, Jake",664983,"AZ",2025,"adj_xhr",25.62,4,3,3,75,4,5.6,-1.6
"362","Meadows, Parker",678009,"DET",2025,"adj_xhr",22.81,1,4,2,50,4,4.5,-0.5
"363","Monasterio, Andruw",655316,"MIL",2025,"adj_xhr",21.88,2,6,2,50,4,5.3,-1.3
"364","Nuñez, Nasim",683083,"WSH",2025,"adj_xhr",21.86,2,3,0,0,4,2.7,1.3
"365","Pauley, Graham",688363,"MIA",2025,"adj_xhr",23.33,1,8,0,0,4,4.7,-0.7
"366","Peguero, Liover",678894,"PIT",2025,"adj_xhr",22.25,1,3,2,50,4,4,0
"367","Raley, Luke",670042,"SEA",2025,"adj_xhr",22.77,1,2,3,75,4,4.4,-0.4
"368","Rave, John",670231,"KC",2025,"adj_xhr",20.75,1,3,1,25,4,4,0
"369","Rushing, Dalton",687221,"LAD",2025,"adj_xhr",24.2,0,5,2,50,4,5,-1
"370","Straw, Myles",664702,"TOR",2025,"adj_xhr",23.32,3,4,1,25,4,4.5,-0.5
"371","Thomas, Lane",657041,"CLE",2025,"adj_xhr",23.46,0,2,2,50,4,3.2,0.8
"372","Trevino, Jose",624431,"CIN",2025,"adj_xhr",22.96,8,6,0,0,4,4.7,-0.7
"373","Walls, Taylor",670764,"TB",2025,"adj_xhr",23.24,0,4,1,25,4,4.3,-0.3
"374","Yoshida, Masataka",807799,"BOS",2025,"adj_xhr",20.6,0,4,2,50,4,5.1,-1.1
"375","Young, Cole",702284,"SEA",2025,"adj_xhr",24.78,5,2,3,75,4,4.3,-0.3
"376","Young, Jared",676724,"NYM",2025,"adj_xhr",21.4,0,4,1,25,4,3.5,0.5
"377","Acosta, Maximo",691185,"MIA",2025,"adj_xhr",22.72,1,4,0,0,3,3,0
"378","Arcia, Orlando",606115,"COL",2025,"adj_xhr",21.99,3,5,0,0,3,3.4,-0.4
"379","Campero, Gustavo",672569,"LAA",2025,"adj_xhr",27.05,1,0,3,100,3,3.1,-0.1
"380","Casas, Triston",671213,"BOS",2025,"adj_xhr",22.28,5,2,1,33.3,3,2.9,0.1
"381","Clarke, Denzel",672016,"ATH",2025,"adj_xhr",21.02,1,1,2,66.7,3,3,0
"382","Edwards, Xavier",669364,"MIA",2025,"adj_xhr",27.71,3,4,1,33.3,3,3.3,-0.3
"383","Estrada, Thairo",642731,"COL",2025,"adj_xhr",22.69,3,4,0,0,3,3.1,-0.1
"384","Freeman, Cody",683227,"TEX",2025,"adj_xhr",21.84,2,1,2,66.7,3,2.8,0.2
"385","Gilbert, Drew",687551,"SF",2025,"adj_xhr",21.91,0,4,1,33.3,3,3.7,-0.7
"386","Gray, Tristan",656484,"TB",2025,"adj_xhr",25.28,2,3,1,33.3,3,2.9,0.1
"387","Hassell III, Robert",690987,"WSH",2025,"adj_xhr",22.7,1,3,2,66.7,3,3.4,-0.4
"388","Heineman, Tyler",623168,"TOR",2025,"adj_xhr",24.84,1,1,2,66.7,3,3.1,-0.1
"389","Hill, Derek",656537,"CWS",2025,"adj_xhr",22.91,2,3,1,33.3,3,3.2,-0.2
"390","Hummel, Cooper",669450,"HOU",2025,"adj_xhr",21.64,0,4,2,66.7,3,4.2,-1.2
"391","Iglesias, Jose",578428,"SD",2025,"adj_xhr",26.6,3,2,2,66.7,3,3.3,-0.3
"392","Jensen, Carter",695600,"KC",2025,"adj_xhr",25.74,3,1,2,66.7,3,3.5,-0.5
"393","Julien, Edouard",666397,"MIN",2025,"adj_xhr",22.43,4,2,1,33.3,3,2.1,0.9
"394","Kim, Hyeseong",808975,"LAD",2025,"adj_xhr",20.82,0,1,2,66.7,3,2.3,0.7
"395","Koss, Christian",683766,"SF",2025,"adj_xhr",20.97,4,4,1,33.3,3,3.3,-0.3
"396","Locklear, Tyler",682988,"AZ",2025,"adj_xhr",23.83,2,1,2,66.7,3,3.3,-0.3
"397","MacIver, Willie",680862,"ATH",2025,"adj_xhr",23.16,0,2,1,33.3,3,2,1
"398","Mangum, Jake",663968,"TB",2025,"adj_xhr",19.11,2,3,1,33.3,3,2.9,0.1
"399","Massey, Michael",686681,"KC",2025,"adj_xhr",22.13,3,4,2,66.7,3,4.9,-1.9
"400","Mead, Curtis",678554,"CWS",2025,"adj_xhr",25.4,5,2,1,33.3,3,3,0
"401","Meyers, Jake",676694,"HOU",2025,"adj_xhr",22.7,3,3,2,66.7,3,3.9,-0.9
"402","Palacios, Joshua",641943,"CWS",2025,"adj_xhr",24.43,1,2,2,66.7,3,3.5,-0.5
"403","Perkins, Blake",663368,"MIL",2025,"adj_xhr",22.37,3,3,0,0,3,2.3,0.7
"404","Rogers, Jake",668670,"DET",2025,"adj_xhr",25.07,3,4,0,0,3,2.3,0.7
"405","Solano, Donovan",456781,"TEX",2025,"adj_xhr",25.86,0,3,1,33.3,3,3.3,-0.3
"406","Suwinski, Jack",669261,"PIT",2025,"adj_xhr",20.78,3,4,2,66.7,3,4.6,-1.6
"407","Taveras, Leody",665750,"SEA",2025,"adj_xhr",22.67,2,2,1,33.3,3,2.4,0.6
"408","Trammell, Taylor",666211,"HOU",2025,"adj_xhr",23.06,3,4,0,0,3,2.8,0.2
"409","Turner, Justin",457759,"CHC",2025,"adj_xhr",27.53,4,4,1,33.3,3,3.5,-0.5
"410","Valera, George",671655,"CLE",2025,"adj_xhr",20.99,1,1,1,33.3,3,1.8,1.2
"411","Vargas, Ildemaro",545121,"AZ",2025,"adj_xhr",26.22,1,0,3,100,3,3.2,-0.2
"412","Vázquez, Christian",543877,"MIN",2025,"adj_xhr",23.66,2,4,1,33.3,3,3,0
"413","Wiemer, Joey",686894,"MIA",2025,"adj_xhr",20.92,1,1,3,100,3,3.8,-0.8
"414","Alvarez Jr., Nacho",805373,"ATL",2025,"adj_xhr",22.72,3,1,1,50,2,2,0
"415","Ballesteros, Moisés",694208,"CHC",2025,"adj_xhr",24.05,0,0,2,100,2,2,0
"416","Candelario, Jeimer",600869,"CIN",2025,"adj_xhr",25.41,1,2,1,50,2,2.3,-0.3
"417","Clase, Jonatan",682729,"TOR",2025,"adj_xhr",23.52,2,1,1,50,2,2.1,-0.1
"418","Conine, Griffin",665052,"MIA",2025,"adj_xhr",23.04,0,2,1,50,2,2.6,-0.6
"419","Dezenzo, Zach",701305,"HOU",2025,"adj_xhr",20.77,0,2,1,50,2,2.2,-0.2
"420","Encarnacion, Jerar",666464,"SF",2025,"adj_xhr",27.15,1,1,1,50,2,1.8,0.2
"421","Escarra, J.C.",641555,"NYY",2025,"adj_xhr",25.87,1,1,1,50,2,2.1,-0.1
"422","Freeland, Alex",690976,"LAD",2025,"adj_xhr",24.35,1,1,2,100,2,2.7,-0.7
"423","Freeman, Tyler",671289,"COL",2025,"adj_xhr",21.92,3,5,1,50,2,3.7,-1.7
"424","Gasper, Mickey",681508,"MIN",2025,"adj_xhr",23.78,1,1,1,50,2,1.6,0.4
"425","Gelof, Zack",680869,"ATH",2025,"adj_xhr",22.25,0,2,0,0,2,1.3,0.7
"426","Gorski, Matt",685301,"PIT",2025,"adj_xhr",21.72,0,0,2,100,2,2,0
"427","Guzman, Denzer",694203,"LAA",2025,"adj_xhr",23.3,1,1,1,50,2,1.4,0.6
"428","Haase, Eric",606992,"MIL",2025,"adj_xhr",20.97,1,1,1,50,2,2.1,-0.1
"429","Haggerty, Sam",664059,"TEX",2025,"adj_xhr",20.57,2,1,2,100,2,2.5,-0.5
"430","Hernaiz, Darell",687231,"ATH",2025,"adj_xhr",26.95,1,3,1,50,2,2.4,-0.4
"431","Herrera, Jose",645444,"AZ",2025,"adj_xhr",23.11,3,1,1,50,2,1.8,0.2
"432","Heyward, Jason",518792,"SD",2025,"adj_xhr",23.47,1,1,1,50,2,1.9,0.1
"433","Hilliard, Sam",656541,"COL",2025,"adj_xhr",23.72,2,1,1,50,2,2.1,-0.1
"434","Hinds, Rece",677956,"CIN",2025,"adj_xhr",23.29,0,1,2,100,2,2.8,-0.8
"435","Huff, Sam",669087,"SF",2025,"adj_xhr",22.62,2,1,0,0,2,1.2,0.8
"436","Keirsey Jr., DaShawn",680577,"MIN",2025,"adj_xhr",23.99,0,2,0,0,2,1.6,0.4
"437","Kelenic, Jarred",672284,"ATL",2025,"adj_xhr",21.05,1,3,0,0,2,1.7,0.3
"438","Kiner-Falefa, Isiah",643396,"TOR",2025,"adj_xhr",20.69,2,3,0,0,2,1.3,0.7
"439","LeMahieu, DJ",518934,"NYY",2025,"adj_xhr",21.28,0,3,0,0,2,1.6,0.4
"440","Marchán, Rafael",665561,"PHI",2025,"adj_xhr",21.99,0,2,0,0,2,1.5,0.5
"441","Maton, Nick",665155,"CWS",2025,"adj_xhr",22.57,1,1,1,50,2,2.1,-0.1
"442","Newman, Kevin",621028,"LAA",2025,"adj_xhr",22.01,0,1,1,50,2,1.9,0.1
"443","Osuna, Alejandro",696030,"TEX",2025,"adj_xhr",24.25,1,3,1,50,2,3.1,-1.1
"444","Pereira, Everson",677592,"TB",2025,"adj_xhr",23.85,0,0,2,100,2,2,0
"445","Rivas, Leo",660844,"SEA",2025,"adj_xhr",21.77,1,2,0,0,2,2.1,-0.1
"446","Roden, Alan",702176,"MIN",2025,"adj_xhr",20.63,0,1,1,50,2,2,0
"447","Rodgers, Brendan",663898,"HOU",2025,"adj_xhr",22.08,2,3,0,0,2,1.4,0.6
"448","Rodríguez, Johnathan",671286,"CLE",2025,"adj_xhr",21.65,0,2,0,0,2,1.7,0.3
"449","Rojas, Josh",668942,"CWS",2025,"adj_xhr",23.04,1,2,0,0,2,1.5,0.5
"450","Ruiz, Keibert",660688,"WSH",2025,"adj_xhr",25.57,1,2,1,50,2,2.4,-0.4
"451","Saggese, Thomas",695336,"STL",2025,"adj_xhr",23.35,4,4,1,50,2,3.7,-1.7
"452","Schuemann, Max",680474,"ATH",2025,"adj_xhr",21.48,0,1,1,50,2,2,0
"453","Short, Zack",670097,"HOU",2025,"adj_xhr",22.55,0,1,1,50,2,1.4,0.6
"454","Taylor, Chris",621035,"LAA",2025,"adj_xhr",22.5,3,1,1,50,2,1.8,0.2
"455","Taylor, Tyrone",621438,"NYM",2025,"adj_xhr",20.67,4,2,1,50,2,2.7,-0.7
"456","Valdez, Enmanuel",665839,"PIT",2025,"adj_xhr",25.84,2,2,1,50,2,2,0
"457","Wade Jr., LaMonte",664774,"LAA",2025,"adj_xhr",21.98,2,1,1,50,2,2,0
"458","Young, Jacob",696285,"WSH",2025,"adj_xhr",22.79,1,1,1,50,2,1.8,0.2
"459","Amador, Adael",691182,"COL",2025,"adj_xhr",25.11,2,2,0,0,1,1.6,-0.6
"460","Barrero, José",676480,"STL",2025,"adj_xhr",22.27,0,0,1,100,1,1,0
"461","Barrosa, Jorge",678489,"AZ",2025,"adj_xhr",20.46,0,1,0,0,1,0.4,0.6
"462","Biggio, Cavan",624415,"KC",2025,"adj_xhr",21.11,0,1,0,0,1,0.8,0.2
"463","Bliss, Ryan",669208,"SEA",2025,"adj_xhr",21.61,2,1,0,0,1,0.9,0.1
"464","Bouchard, Sean",656248,"COL",2025,"adj_xhr",22.74,0,1,0,0,1,0.5,0.5
"465","Brooks, Trenton",670092,"SD",2025,"adj_xhr",24.51,0,2,0,0,1,1.5,-0.5
"466","Brown, Seth",664913,"ATH",2025,"adj_xhr",22.51,1,1,0,0,1,0.9,0.1
"467","Cabrera, Oswaldo",665828,"NYY",2025,"adj_xhr",22.18,0,1,0,0,1,0.3,0.7
"468","Caissie, Owen",683357,"CHC",2025,"adj_xhr",22.63,1,0,0,0,1,0.1,0.9
"469","Cameron, Daz",663662,"MIL",2025,"adj_xhr",24.85,0,0,1,100,1,1,0
"470","Canha, Mark",592192,"KC",2025,"adj_xhr",25.09,1,0,1,100,1,1,0
"471","Capra, Vinny",681962,"CWS",2025,"adj_xhr",21.69,3,1,0,0,1,1.1,-0.1
"472","Chaparro, Andrés",665953,"WSH",2025,"adj_xhr",27.96,0,1,1,100,1,1.5,-0.5
"473","Church, Nathan",701675,"STL",2025,"adj_xhr",26.3,0,0,1,100,1,1,0
"474","Crooks, Jimmy",699625,"STL",2025,"adj_xhr",23.86,0,2,0,0,1,1.3,-0.3
"475","Davidson, Logan",669722,"LAA",2025,"adj_xhr",23.1,1,0,1,100,1,1.1,-0.1
"476","Dunn, Blake",694362,"CIN",2025,"adj_xhr",21.08,1,0,0,0,1,0.2,0.8
"477","Eaton, Nate",681987,"BOS",2025,"adj_xhr",20.11,1,0,1,100,1,1,0
"478","Fermín, José",665877,"STL",2025,"adj_xhr",24.67,0,2,0,0,1,1.8,-0.8
"479","Fletcher, Dominic",666150,"CWS",2025,"adj_xhr",23.76,0,2,0,0,1,1.4,-0.4
"480","Fulford, Braxton",690924,"COL",2025,"adj_xhr",22.03,3,1,1,100,1,1.9,-0.9
"481","Harris, Dustin",687957,"TEX",2025,"adj_xhr",19.35,1,1,0,0,1,1,0
"482","Jiménez, Leo",677870,"TOR",2025,"adj_xhr",22.4,0,0,1,100,1,1,0
"483","Johnson, Bryce",669369,"SD",2025,"adj_xhr",25.45,1,1,1,100,1,1.3,-0.3
"484","Johnson, Daniel",669288,"BAL",2025,"adj_xhr",21.24,0,1,1,100,1,1.6,-0.6
"485","Karros, Kyle",691720,"COL",2025,"adj_xhr",22.19,1,0,0,0,1,0.2,0.8
"486","Knizner, Andrew",668800,"SF",2025,"adj_xhr",25.39,2,0,0,0,1,0.3,0.7
"487","Lee, Korey",686676,"CWS",2025,"adj_xhr",22.14,0,0,1,100,1,1,0
"488","León, Sandy",506702,"ATL",2025,"adj_xhr",25.01,0,2,0,0,1,1.4,-0.4
"489","Machín, Vimael",605353,"BAL",2025,"adj_xhr",23.03,0,1,0,0,1,0.3,0.7
"490","Maile, Luke",571912,"KC",2025,"adj_xhr",23.5,0,0,1,100,1,1,0
"491","Malloy, Justyn-Henry",669234,"DET",2025,"adj_xhr",22.52,1,1,0,0,1,0.9,0.1
"492","Martin, Austin",668885,"MIN",2025,"adj_xhr",22.3,2,1,1,100,1,1.9,-0.9
"493","Martini, Nick",605361,"COL",2025,"adj_xhr",21.07,2,1,0,0,1,0.5,0.5
"494","Mastrobuoni, Miles",670156,"SEA",2025,"adj_xhr",21.7,3,0,0,0,1,0.3,0.7
"495","Mateo, Jorge",622761,"BAL",2025,"adj_xhr",24.86,1,2,0,0,1,0.8,0.2
"496","McCormick, Chas",676801,"HOU",2025,"adj_xhr",27.4,3,1,1,100,1,1.9,-0.9
"497","Melendez, MJ",669004,"KC",2025,"adj_xhr",20.92,1,2,1,100,1,2.3,-1.3
"498","Mesa Jr., Victor",683748,"MIA",2025,"adj_xhr",26.63,0,1,1,100,1,1.3,-0.3
"499","Miranda, Jose",669304,"MIN",2025,"adj_xhr",25.4,0,0,1,100,1,1,0
"500","Navarreto, Brian",640459,"MIA",2025,"adj_xhr",21.49,0,2,0,0,1,0.6,0.4
"501","Noda, Ryan",676116,"BAL",2025,"adj_xhr",19.7,0,2,0,0,1,1.6,-0.6
"502","Palacios, Richie",680700,"TB",2025,"adj_xhr",24.91,0,0,1,100,1,1,0
"503","Ritter, Ryan",690022,"COL",2025,"adj_xhr",25.54,0,4,0,0,1,1.8,-0.8
"504","Robles, Victor",645302,"SEA",2025,"adj_xhr",24.02,3,0,1,100,1,1.6,-0.6
"505","Rojas, Johan",679032,"PHI",2025,"adj_xhr",23.87,0,1,0,0,1,0.9,0.1
"506","Rortvedt, Ben",666163,"LAD",2025,"adj_xhr",23.89,1,1,0,0,1,1,0
"507","Ruiz, Esteury",665923,"LAD",2025,"adj_xhr",23.76,0,1,0,0,1,0.8,0.2
"508","Seymour, Bob",676044,"TB",2025,"adj_xhr",21.37,2,0,0,0,1,0.1,0.9
"509","Teodosio, Bryce",669326,"LAA",2025,"adj_xhr",26.62,0,1,1,100,1,1.4,-0.4
"510","Thaiss, Matt",642136,"TB",2025,"adj_xhr",22.36,2,1,1,100,1,1.7,-0.7
"511","Tolbert, Tyler",686475,"KC",2025,"adj_xhr",22.68,1,0,1,100,1,1,0
"512","Tromp, Chadwick",644433,"BAL",2025,"adj_xhr",22.51,0,1,0,0,1,0.4,0.6
"513","Veen, Zac",691728,"COL",2025,"adj_xhr",23.99,1,0,1,100,1,1.1,-0.1
"514","Vierling, Matt",663837,"DET",2025,"adj_xhr",22.14,3,4,0,0,1,2.2,-1.2
"515","Vivas, Jorbit",678391,"NYY",2025,"adj_xhr",23.9,0,1,0,0,1,0.3,0.7
"516","Vázquez, Luis",676679,"BAL",2025,"adj_xhr",24.73,2,0,1,100,1,1.1,-0.1
"517","Waters, Drew",671221,"KC",2025,"adj_xhr",24.47,2,2,1,100,1,1.8,-0.8
"518","Whitcomb, Shay",694376,"HOU",2025,"adj_xhr",22.17,0,0,1,100,1,1,0
"519","Williamson, Ben",810938,"SEA",2025,"adj_xhr",20.79,1,1,1,100,1,1.4,-0.4
"520","Winker, Jesse",608385,"NYM",2025,"adj_xhr",23.42,1,2,0,0,1,1.7,-0.7
"521","Wisely, Brett",689172,"ATL",2025,"adj_xhr",20.38,1,2,0,0,1,0.8,0.2
"522","Yorke, Nick",694377,"PIT",2025,"adj_xhr",22.76,0,1,1,100,1,1.5,-0.5
"523","Acuña, Luisangel",682668,"NYM",2025,"adj_xhr",NA,1,0,0,NA,0,0.1,-0.1
"524","Alfaro, Jorge",595751,"WSH",2025,"adj_xhr",NA,1,1,0,NA,0,0.5,-0.5
"525","Allen, Nick",669397,"ATL",2025,"adj_xhr",NA,1,0,0,NA,0,0.2,-0.2
"526","Bae, Ji Hwan",678225,"PIT",2025,"adj_xhr",NA,1,1,0,NA,0,0.9,-0.9
"527","Baker, Luken",663609,"STL",2025,"adj_xhr",NA,1,0,0,NA,0,0.1,-0.1
"528","Barnes, Austin",605131,"LAD",2025,"adj_xhr",NA,1,0,0,NA,0,0.1,-0.1
"529","Bride, Jonah",681146,"MIN",2025,"adj_xhr",NA,1,0,0,NA,0,0.1,-0.1
"530","Bruján, Vidal",660644,"ATL",2025,"adj_xhr",NA,2,1,0,NA,0,0.6,-0.6
"531","Bryant, Kris",592178,"COL",2025,"adj_xhr",NA,1,1,0,NA,0,0.4,-0.4
"532","DeLuca, Jonny",676356,"TB",2025,"adj_xhr",NA,0,1,0,NA,0,0.4,-0.4
"533","Duran, Ezequiel",677649,"TEX",2025,"adj_xhr",NA,0,5,0,NA,0,2.8,-2.8
"534","Eldridge, Bryce",805811,"SF",2025,"adj_xhr",NA,1,1,0,NA,0,0.6,-0.6
"535","Espinal, Santiago",669289,"CIN",2025,"adj_xhr",NA,2,0,0,NA,0,0.3,-0.3
"536","Fairchild, Stuart",656413,"ATL",2025,"adj_xhr",NA,1,2,0,NA,0,1.1,-1.1
"537","Feduccia, Hunter",676439,"TB",2025,"adj_xhr",NA,0,1,0,NA,0,0.4,-0.4
"538","Flores Jr., Rafael",804668,"PIT",2025,"adj_xhr",NA,1,0,0,NA,0,0,0
"539","Ford, Harry",695670,"SEA",2025,"adj_xhr",NA,1,0,0,NA,0,0.2,-0.2
"540","Hampson, Garrett",641658,"STL",2025,"adj_xhr",NA,1,1,0,NA,0,1,-1
"541","Handley, Maverick",668974,"BAL",2025,"adj_xhr",NA,0,2,0,NA,0,1.3,-1.3
"542","Harris, Brett",695391,"ATH",2025,"adj_xhr",NA,1,1,0,NA,0,0.4,-0.4
"543","Kaiser, Connor",663731,"AZ",2025,"adj_xhr",NA,1,0,0,NA,0,0.1,-0.1
"544","Kreidler, Ryan",668952,"DET",2025,"adj_xhr",NA,1,0,0,NA,0,0.1,-0.1
"545","Lawlar, Jordan",691783,"AZ",2025,"adj_xhr",NA,2,1,0,NA,0,0.6,-0.6
"546","Lockridge, Brandon",663604,"MIL",2025,"adj_xhr",NA,0,1,0,NA,0,0.3,-0.3
"547","McCoy, Mason",669200,"SD",2025,"adj_xhr",NA,2,0,0,NA,0,0.3,-0.3
"548","McCray, Grant",687529,"SF",2025,"adj_xhr",NA,2,0,0,NA,0,0.2,-0.2
"549","McCusker, Carson",676812,"MIN",2025,"adj_xhr",NA,0,1,0,NA,0,0.4,-0.4
"550","McKinney, Billy",641856,"TEX",2025,"adj_xhr",NA,1,0,0,NA,0,0.1,-0.1
"551","Melton, Jacob",689200,"HOU",2025,"adj_xhr",NA,1,1,0,NA,0,0.3,-0.3
"552","Millas, Drew",686452,"WSH",2025,"adj_xhr",NA,1,0,0,NA,0,0,0
"553","Mitchell, Garrett",669003,"MIL",2025,"adj_xhr",NA,0,1,0,NA,0,0.4,-0.4
"554","Nido, Tomás",621512,"DET",2025,"adj_xhr",NA,1,0,0,NA,0,0.1,-0.1
"555","Ornelas, Tirso",672359,"SD",2025,"adj_xhr",NA,0,1,0,NA,0,0.6,-0.6
"556","Pereda, Jhonny",640902,"MIN",2025,"adj_xhr",NA,0,1,0,NA,0,0.5,-0.5
"557","Pillar, Kevin",607680,"TEX",2025,"adj_xhr",NA,1,0,0,NA,0,0.1,-0.1
"558","Ramos, Bryan",682868,"CWS",2025,"adj_xhr",NA,1,0,0,NA,0,0.2,-0.2
"559","Renfroe, Hunter",592669,"KC",2025,"adj_xhr",NA,1,3,0,NA,0,1.6,-1.6
"560","Reyes, Pablo",622569,"NYY",2025,"adj_xhr",NA,2,0,0,NA,0,0.2,-0.2
"561","Rodríguez, Endy",682848,"PIT",2025,"adj_xhr",NA,1,0,0,NA,0,0.1,-0.1
"562","Rosario, Eddie",592696,"ATL",2025,"adj_xhr",NA,1,0,0,NA,0,0,0
"563","Seigler, Anthony",678011,"MIL",2025,"adj_xhr",NA,1,0,0,NA,0,0.1,-0.1
"564","Senger, Hayden",663584,"NYM",2025,"adj_xhr",NA,1,1,0,NA,0,1,-1
"565","Siri, Jose",642350,"NYM",2025,"adj_xhr",NA,0,2,0,NA,0,1.4,-1.4
"566","Sogard, Nick",686765,"BOS",2025,"adj_xhr",NA,0,2,0,NA,0,1.2,-1.2
"567","Stallings, Jacob",607732,"BAL",2025,"adj_xhr",NA,1,0,0,NA,0,0,0
"568","Sullivan, Brett",664954,"PIT",2025,"adj_xhr",NA,0,1,0,NA,0,0.7,-0.7
"569","Sánchez, Ali",645305,"BOS",2025,"adj_xhr",NA,1,1,0,NA,0,0.4,-0.4
"570","Tena, José",677588,"WSH",2025,"adj_xhr",NA,1,1,0,NA,0,0.4,-0.4
"571","Trejo, Alan",676701,"COL",2025,"adj_xhr",NA,1,1,0,NA,0,0.4,-0.4
"572","Urshela, Gio",570482,"ATH",2025,"adj_xhr",NA,3,2,0,NA,0,1.2,-1.2
"573","Verdugo, Alex",657077,"ATL",2025,"adj_xhr",NA,2,1,0,NA,0,0.7,-0.7
"574","Villar, David",681584,"SF",2025,"adj_xhr",NA,1,0,0,NA,0,0.2,-0.2
"575","Wade, Tyler",642180,"SD",2025,"adj_xhr",NA,1,0,0,NA,0,0,0
"576","Wagner, Will",695238,"SD",2025,"adj_xhr",NA,1,0,0,NA,0,0.2,-0.2
"577","Wilson, Will",669717,"CLE",2025,"adj_xhr",NA,1,0,0,NA,0,0,0
"578","Winkler, Jack",676466,"MIA",2025,"adj_xhr",NA,0,1,0,NA,0,0.5,-0.5
"579","Wong, Connor",657136,"BOS",2025,"adj_xhr",NA,1,2,0,NA,0,1.3,-1.3
